test_ibs,mean_ibs,std_ibs,test_cindex,mean_cindex,std_cindex,mean_bias,std_bias,mean_mse,std_mse,best_params,sample_size,method,kernel
"[np.float64(0.12263810350695917), np.float64(0.05083613717568339), np.float64(0.09093144561305304), np.float64(0.12988784382844046), np.float64(0.17456386455960607)]",0.1137714789367484,0.0412712799974002,"[np.float64(0.6746146182741718), np.float64(0.6981162878811333), np.float64(0.6917298911879131), np.float64(0.6020163040920053), np.float64(0.819977325192442)]",0.6972908853255332,0.0702495941468743,-0.2248277263699109,0.0555246805927725,0.133941654853851,0.0486835505873079,"[{'lambda_reg': 0.031125484431137194, 'K_bin': 111}, {'lambda_reg': 0.00017989253097085915, 'K_bin': 35}, {'lambda_reg': 0.00016472555086711202, 'K_bin': 57}, {'lambda_reg': 0.00029512420300048384, 'K_bin': 109}, {'lambda_reg': 0.00017522284364619657, 'K_bin': 74}]",300,1,linear
"[np.float64(0.17431922006218575), np.float64(0.23977689183297266), np.float64(0.15745642536217874), np.float64(0.1354544336230442), np.float64(0.1191259079082802)]",0.1652265757577323,0.0417431504991864,"[np.float64(0.6610845457265165), np.float64(0.8230761821170117), np.float64(0.8016625835318237), np.float64(0.800660479113863), np.float64(0.8164665971288635)]",0.7805900775236156,0.0603666089855541,-0.1879259126602086,0.2241493143518758,0.1804159133735513,0.0922671476388673,"[{'lambda_reg': 0.0001284340778936284, 'K_bin': 784, 'gamma': 0.005738472707243725}, {'lambda_reg': 0.000309661744748255, 'K_bin': 656, 'gamma': 0.0021416799021945943}, {'lambda_reg': 2.0316272429597985e-05, 'K_bin': 55, 'gamma': 0.0013945304549642485}, {'lambda_reg': 0.00027778184121336644, 'K_bin': 62, 'gamma': 0.0033833778862190304}, {'lambda_reg': 5.832228641054447e-05, 'K_bin': 532, 'gamma': 0.0014454007112727776}]",300,2,exponential
"[np.float64(0.16661960183272817), np.float64(0.18347741702420134), np.float64(0.1661907820889422), np.float64(0.11060763391787426), np.float64(0.1355096444976669)]",0.1524810158722825,0.0260385934707769,"[np.float64(0.6752480591875194), np.float64(0.832105479624436), np.float64(0.8066423591732393), np.float64(0.8146207078893657), np.float64(0.8235433587032793)]",0.790431992915568,0.0582207017033645,0.0194438634072311,0.0753940664374475,0.0741122573976208,0.0123658821283989,"[{'lambda_reg': 1.0435358591973123e-05, 'K_bin': 178, 'gamma': 0.08097952081336811}, {'lambda_reg': 0.00020265602276189743, 'K_bin': 58, 'gamma': 0.05449512416849542}, {'lambda_reg': 8.104563802681975e-05, 'K_bin': 117, 'gamma': 0.06964974940042344}, {'lambda_reg': 5.343063092021636e-05, 'K_bin': 32, 'gamma': 0.0803347916580166}, {'lambda_reg': 0.017513891895732995, 'K_bin': 169, 'gamma': 0.2501482635715466}]",300,2,cauchy
"[np.float64(0.1582258142915829), np.float64(0.2339687664598957), np.float64(0.2039929687407063), np.float64(0.1376759667044118), np.float64(0.17002281369115224)]",0.1807772659775497,0.0342060017964922,"[np.float64(0.6881735527012723), np.float64(0.8012733900433925), np.float64(0.732145579241251), np.float64(0.7629682222494046), np.float64(0.7750506488216243)]",0.7519222786113889,0.0388522443937282,-0.1368477851835821,0.1918968753208368,0.1532284818442108,0.108644400599841,"[{'lambda_reg': 0.00018898273729753534, 'K_bin': 184, 'gamma': 0.31461496146923756, 'coef0': 2.9866164248667637}, {'lambda_reg': 9.35099961141183e-05, 'K_bin': 138, 'gamma': 0.08652526283907107, 'coef0': -1.2230448750856517}, {'lambda_reg': 2.9940676978913105e-05, 'K_bin': 151, 'gamma': 0.6354394689872672, 'coef0': 4.1463537688376295}, {'lambda_reg': 0.001949415607590536, 'K_bin': 881, 'gamma': 0.17365999265527252, 'coef0': 1.6935739186177834}, {'lambda_reg': 0.0011391884383407714, 'K_bin': 442, 'gamma': 0.2682458988273951, 'coef0': -0.8760647526864815}]",300,2,sigmoid
"[np.float64(0.16915522419637882), np.float64(0.22677821277232627), np.float64(0.2543083270592293), np.float64(0.11623953995151193), np.float64(0.13343291249183548)]",0.1799828432942563,0.0530309838784278,"[np.float64(0.6892218381814601), np.float64(0.7884708203982472), np.float64(0.6564460674011117), np.float64(0.7730096424781981), np.float64(0.842238381955035)]",0.7498773500828104,0.0677696315742068,-0.2468176651993666,0.0989704168424515,0.160871990198615,0.0740892182670429,"[{'lambda_reg': 0.0004449012899291154, 'K_bin': 452, 'gamma': 0.07380896816308269, 'degree': 6, 'coef0': 0.2529833257023306}, {'lambda_reg': 0.00030198049483628705, 'K_bin': 519, 'gamma': 0.10634435570762146, 'degree': 5, 'coef0': 0.5672532463672975}, {'lambda_reg': 1.6752434265986633e-05, 'K_bin': 147, 'gamma': 0.5728826184618173, 'degree': 4, 'coef0': 4.931371163264086}, {'lambda_reg': 0.0002193270030640091, 'K_bin': 293, 'gamma': 0.13608853217870817, 'degree': 3, 'coef0': 1.1732380585294182}, {'lambda_reg': 0.00908386874817546, 'K_bin': 124, 'gamma': 0.1275412618408451, 'degree': 5, 'coef0': 0.4759605062830452}]",300,2,polynomial
"[np.float64(0.16152319333591691), np.float64(0.12972065815192477), np.float64(0.16052879055522748), np.float64(0.2290799410398006), np.float64(0.18506531810593957)]",0.1731835802377618,0.0330173068754228,"[np.float64(0.6550077936787642), np.float64(0.6417762163408138), np.float64(0.5597475474863484), np.float64(0.6895023958047731), np.float64(0.6653332636810776)]",0.6422734433983553,0.0441254204847261,-0.2052743930897757,0.0393545705264886,0.1353789542867211,0.0414665537980518,"[{'lambda_reg': 3.3935593472861274e-05, 'K_bin': 993}, {'lambda_reg': 0.24852207860022124, 'K_bin': 522}, {'lambda_reg': 0.0002414262327197854, 'K_bin': 32}, {'lambda_reg': 0.007774339275615493, 'K_bin': 5}, {'lambda_reg': 0.6642730696080471, 'K_bin': 359}]",300,3,linear
"[np.float64(0.11783310167961837), np.float64(0.11328460615292747), np.float64(0.16907809915628608), np.float64(0.1605701504095794), np.float64(0.16247916649924887)]",0.144649024779532,0.0239624554562478,"[np.float64(0.73195598616843), np.float64(0.6933187860002218), np.float64(0.549464704135385), np.float64(0.7382648498699343), np.float64(0.7457041581790131)]",0.6917416968705968,0.0734013214201082,0.000604434594006,0.0201964080263923,0.032528029602786,0.0202850276882245,"[{'lambda_reg': 0.01690171491960571, 'K_bin': 148, 'gamma': 0.011312380337536954}, {'lambda_reg': 0.0018294830006458142, 'K_bin': 102, 'gamma': 0.02992342843859956}, {'lambda_reg': 0.0002993516543369324, 'K_bin': 162, 'gamma': 0.08102144628223222}, {'lambda_reg': 0.0008606263732829492, 'K_bin': 342, 'gamma': 0.0034602166720375848}, {'lambda_reg': 0.0006096060252847637, 'K_bin': 101, 'gamma': 0.008350891596010842}]",300,3,rbf
"[np.float64(0.10845130921967412), np.float64(0.10436120056707716), np.float64(0.1069443868327149), np.float64(0.1562229432686632), np.float64(0.14358028453081956)]",0.1239120248837897,0.0216333311616995,"[np.float64(0.7661516765278025), np.float64(0.7052859465375507), np.float64(0.6340651775272358), np.float64(0.7344062191058565), np.float64(0.7529252766948111)]",0.7185668592786513,0.0469310512598388,-0.1257807800807738,0.1123003119806615,0.094612128580112,0.0717017656515052,"[{'lambda_reg': 0.06418565323305593, 'K_bin': 52, 'gamma': 0.006942686589823775}, {'lambda_reg': 0.015422739692667144, 'K_bin': 170, 'gamma': 0.005910983419721313}, {'lambda_reg': 0.002205174100715216, 'K_bin': 600, 'gamma': 0.0014581085726465479}, {'lambda_reg': 0.01686122307383653, 'K_bin': 992, 'gamma': 0.010842222428862127}, {'lambda_reg': 0.0025422056321843037, 'K_bin': 413, 'gamma': 0.0023568205017040975}]",300,3,laplacian
"[np.float64(0.11582213161652674), np.float64(0.12040732009438047), np.float64(0.1222298229550613), np.float64(0.1335611100794963), np.float64(0.13489978706473207)]",0.1253840343620393,0.0075307481089769,"[np.float64(0.7483811402775039), np.float64(0.6861954286847616), np.float64(0.5841702912769975), np.float64(0.753236006639741), np.float64(0.7227426414889894)]",0.6989451016735987,0.0621185293435906,-0.0921396894736797,0.0803515531182986,0.0588513360165113,0.0432712732463732,"[{'lambda_reg': 0.009080326582719124, 'K_bin': 74, 'gamma': 0.0014285773329167784}, {'lambda_reg': 0.0002200718411773191, 'K_bin': 391, 'gamma': 0.001876952279513973}, {'lambda_reg': 0.016386449483352456, 'K_bin': 747, 'gamma': 0.014696864548553663}, {'lambda_reg': 0.0014243122821028919, 'K_bin': 63, 'gamma': 0.005018409427337682}, {'lambda_reg': 2.0922475991199808e-05, 'K_bin': 896, 'gamma': 0.013088136575590475}]",300,3,exponential
"[np.float64(0.10951490240551562), np.float64(0.12001355061613762), np.float64(0.14684700251620605), np.float64(0.15354175157947994), np.float64(0.15460640016430302)]",0.1369047214563284,0.0185714996328319,"[np.float64(0.7439387878606786), np.float64(0.6832012825923037), np.float64(0.5410839769944604), np.float64(0.7299587957133797), np.float64(0.721326250108246)]",0.6839018186538136,0.0741939317250521,-0.1292159353072197,0.0762852783713175,0.0784089879515211,0.0532303647224291,"[{'lambda_reg': 0.0006009412109636431, 'K_bin': 85, 'gamma': 0.08942965338405487}, {'lambda_reg': 0.0007778463845848637, 'K_bin': 742, 'gamma': 0.08196695144277706}, {'lambda_reg': 0.013722243023378905, 'K_bin': 46, 'gamma': 0.5335427995565899}, {'lambda_reg': 1.7954086397545966e-05, 'K_bin': 164, 'gamma': 0.004113518256535511}, {'lambda_reg': 0.013657955371964637, 'K_bin': 219, 'gamma': 0.01459487489373846}]",300,3,cauchy
"[np.float64(0.11614562090538716), np.float64(0.11925780621920369), np.float64(0.17152704149375433), np.float64(0.17456480508047414), np.float64(0.15130832474392733)]",0.1465607196885493,0.0249022613221579,"[np.float64(0.741378172900963), np.float64(0.693197553582318), np.float64(0.5258354867616184), np.float64(0.7434292713872834), np.float64(0.7095604789065083)]",0.6826801927077383,0.0807085248141688,-0.0860181878073602,0.0653244635935907,0.0534861072009887,0.0252543735540847,"[{'lambda_reg': 0.010123264092204522, 'K_bin': 144, 'gamma': 0.031830928510593194, 'coef0': -1.2918292061259184}, {'lambda_reg': 7.280108152119687e-05, 'K_bin': 460, 'gamma': 0.07018359122280779, 'coef0': -2.8409957132283656}, {'lambda_reg': 0.0008166641652401048, 'K_bin': 878, 'gamma': 0.37747236589496985, 'coef0': -2.6537626836405015}, {'lambda_reg': 9.252848890240367e-05, 'K_bin': 162, 'gamma': 0.003565604707347991, 'coef0': -1.2499730170105119}, {'lambda_reg': 3.3942216124259495e-05, 'K_bin': 611, 'gamma': 0.16372508630027818, 'coef0': 1.6256883557669575}]",300,3,sigmoid
"[np.float64(0.1196586725093282), np.float64(0.0640943139731047), np.float64(0.10091469101423588), np.float64(0.13655766128906713), np.float64(0.21083702399009627)]",0.1264124725551664,0.0485998627715403,"[np.float64(0.7554882430963554), np.float64(0.8064541007880012), np.float64(0.7222827221898307), np.float64(0.6872887823975092), np.float64(0.823346612977064)]",0.758972092289752,0.0507845725499144,-0.2549425431863176,0.1410180477612001,0.165759832306742,0.1224350658627716,"[{'lambda_reg': 0.0006681277024077068, 'K_bin': 66, 'gamma': 0.03795982730735475}, {'lambda_reg': 0.009533968944484833, 'K_bin': 720, 'gamma': 0.1509671928720375}, {'lambda_reg': 0.02569093765764595, 'K_bin': 115, 'gamma': 0.8765099422949405}, {'lambda_reg': 0.0013050462940208442, 'K_bin': 162, 'gamma': 0.02135408928852475}, {'lambda_reg': 0.016587672559166718, 'K_bin': 160, 'gamma': 0.012060146916048953}]",300,1,rbf
"[np.float64(0.12087172753263949), np.float64(0.11196448122846771), np.float64(0.14371924551580498), np.float64(0.15196835007016612), np.float64(0.1606648766828604)]",0.1378377362059877,0.0185073796942017,"[np.float64(0.7162371473714593), np.float64(0.6878023623297088), np.float64(0.5919375402751405), np.float64(0.7348657790828245), np.float64(0.7192208893668284)]",0.6900127436851923,0.0513347079798861,-0.0969567877284346,0.0831333632467858,0.0662025414764236,0.0372356810415591,"[{'lambda_reg': 0.0044246566649179375, 'K_bin': 259, 'gamma': 0.05849379399896096, 'degree': 4, 'coef0': 0.7837604149683142}, {'lambda_reg': 0.000343896165810888, 'K_bin': 323, 'gamma': 0.08140426951362129, 'degree': 2, 'coef0': 2.7211219914029163}, {'lambda_reg': 0.00011182286069812196, 'K_bin': 166, 'gamma': 0.02461176999080997, 'degree': 5, 'coef0': 1.234004193468874}, {'lambda_reg': 2.344659365287421e-05, 'K_bin': 57, 'gamma': 0.02397023194060459, 'degree': 3, 'coef0': 1.3854428228912634}, {'lambda_reg': 0.010951815038213188, 'K_bin': 221, 'gamma': 3.8181770986816836, 'degree': 2, 'coef0': 1.3076490940387409}]",300,3,polynomial
"[np.float64(0.09226870420604419), np.float64(0.07833800413866047), np.float64(0.13218357991191373), np.float64(0.09130232743683579), np.float64(0.11365426340580309)]",0.1015493758198514,0.0190519469100259,"[np.float64(0.6988319722065232), np.float64(0.7221757895968711), np.float64(0.6960461285403257), np.float64(0.7057373707583339), np.float64(0.6862350525761411)]",0.701805262735639,0.011957084642733,-0.1486937603619562,0.0417636538777038,0.0705407960328915,0.0319991579530627,"[{'lambda_reg': 0.00010570734567021272, 'K_bin': 45}, {'lambda_reg': 7.690447743455165e-05, 'K_bin': 4}, {'lambda_reg': 0.010074013434543071, 'K_bin': 55}, {'lambda_reg': 1.0751223666164754e-05, 'K_bin': 77}, {'lambda_reg': 0.0003691842379394075, 'K_bin': 5}]",600,1,linear
"[np.float64(0.08790923265796177), np.float64(0.08376890182147305), np.float64(0.12679367997134897), np.float64(0.08201985918040419), np.float64(0.11877011586674315)]",0.0998523578995862,0.0189896298647537,"[np.float64(0.7619676521845402), np.float64(0.8045715221125337), np.float64(0.794070140093499), np.float64(0.7933040063495725), np.float64(0.7704003528699843)]",0.784862734722026,0.0159863252437915,-0.2244394982828088,0.1148704629271581,0.1538672554581369,0.0643650846171358,"[{'lambda_reg': 0.0010109207545004725, 'K_bin': 339, 'gamma': 0.06393799082252051}, {'lambda_reg': 0.0012328057694760636, 'K_bin': 491, 'gamma': 0.15138295468868435}, {'lambda_reg': 0.021494016689081935, 'K_bin': 300, 'gamma': 0.05932592335483371}, {'lambda_reg': 5.3935445838247035e-05, 'K_bin': 512, 'gamma': 0.0505529921657305}, {'lambda_reg': 0.000283343361004289, 'K_bin': 49, 'gamma': 0.005849627747341869}]",600,1,rbf
"[np.float64(0.09879925707736056), np.float64(0.1048159667445919), np.float64(0.12859037072620436), np.float64(0.09197462931489685), np.float64(0.1479556343752871)]",0.1144271716476681,0.0208109473677976,"[np.float64(0.7594327141675242), np.float64(0.7738984808097717), np.float64(0.7822124112221948), np.float64(0.8108172751491072), np.float64(0.7428839993132718)]",0.7738489761323739,0.0228178133389334,-0.2717712814766183,0.218290697496503,0.2269972669099998,0.159345711025351,"[{'lambda_reg': 0.0015103293014565788, 'K_bin': 336, 'gamma': 0.027221388901869373}, {'lambda_reg': 0.19778975971310195, 'K_bin': 87, 'gamma': 0.06454018821052387}, {'lambda_reg': 0.07095576785538658, 'K_bin': 857, 'gamma': 0.0785986128092863}, {'lambda_reg': 0.8297814751981399, 'K_bin': 298, 'gamma': 0.5404368692985072}, {'lambda_reg': 0.00912376090041937, 'K_bin': 104, 'gamma': 0.02123115965323014}]",600,1,laplacian
"[np.float64(0.07787419296906484), np.float64(0.0836848343605735), np.float64(0.12122816566950008), np.float64(0.08291045091957418), np.float64(0.1154651139272676)]",0.096232551569196,0.0182571908160355,"[np.float64(0.8096501111753766), np.float64(0.8309106159970135), np.float64(0.7996897986207048), np.float64(0.82068486431648), np.float64(0.7870369812916754)]",0.8095944742802501,0.0153903920298303,-0.0994101039772527,0.1208758488595401,0.0671448094464588,0.0578192663933467,"[{'lambda_reg': 0.34778786173731924, 'K_bin': 59, 'gamma': 0.2697919118591636}, {'lambda_reg': 0.0001388048378820232, 'K_bin': 23, 'gamma': 0.01460998244441874}, {'lambda_reg': 0.0004987739957620369, 'K_bin': 385, 'gamma': 0.0021594006113989537}, {'lambda_reg': 0.0013878575220318465, 'K_bin': 370, 'gamma': 0.005665302926705014}, {'lambda_reg': 0.00025703380062944034, 'K_bin': 5, 'gamma': 0.0018239265005480674}]",600,1,exponential
"[np.float64(0.08873593561290462), np.float64(0.0926784593173658), np.float64(0.12751497463876466), np.float64(0.08197919042273895), np.float64(0.12156897289319218)]",0.1024955065769932,0.018419502370933,"[np.float64(0.760937413901572), np.float64(0.8220381278908442), np.float64(0.7868836263862415), np.float64(0.7994557404989237), np.float64(0.7797946912545668)]",0.7898219199864296,0.0203675630672674,-0.2575816700558356,0.1077513325952781,0.1753361281836973,0.086863563372338,"[{'lambda_reg': 0.0016623228045067994, 'K_bin': 361, 'gamma': 0.026475921654952092}, {'lambda_reg': 0.0105914031242129, 'K_bin': 121, 'gamma': 0.23040648358731328}, {'lambda_reg': 2.307531372162043e-05, 'K_bin': 561, 'gamma': 0.02624791857062081}, {'lambda_reg': 0.0011867522949102537, 'K_bin': 288, 'gamma': 0.01690882146423701}, {'lambda_reg': 0.0008712953486394572, 'K_bin': 827, 'gamma': 0.08158265229316623}]",600,1,cauchy
"[np.float64(0.08767110116605525), np.float64(0.08639182599507357), np.float64(0.12183946792839043), np.float64(0.09569877326429194), np.float64(0.11677177730464681)]",0.1016745891316915,0.0148318463259968,"[np.float64(0.7737593397891921), np.float64(0.776888226385617), np.float64(0.7979392477312531), np.float64(0.8107824159955537), np.float64(0.7694040754310391)]",0.7857546610665309,0.0159040605890344,-0.0927162741275072,0.1413831307634145,0.0797058195303536,0.0558649620067295,"[{'lambda_reg': 1.5862700389163216e-05, 'K_bin': 321, 'gamma': 0.16362230092306695, 'coef0': -0.5940889698009482}, {'lambda_reg': 0.00013829897601172586, 'K_bin': 45, 'gamma': 0.24844152317018134, 'coef0': -4.453505329434116}, {'lambda_reg': 1.7103428603796435e-05, 'K_bin': 61, 'gamma': 0.010675905046268903, 'coef0': 1.5690358207825472}, {'lambda_reg': 0.00011511173079448458, 'K_bin': 49, 'gamma': 0.11707886735254426, 'coef0': 1.0628034390179106}, {'lambda_reg': 0.0021560793582336485, 'K_bin': 212, 'gamma': 0.13941895115283212, 'coef0': -0.07882919769175079}]",600,1,sigmoid
"[np.float64(0.09812733384285924), np.float64(0.08075927877717654), np.float64(0.14610284247519248), np.float64(0.08334336878017437), np.float64(0.11819351470520938)]",0.1053052677161223,0.0243594020009778,"[np.float64(0.7570463251291192), np.float64(0.7821889101256478), np.float64(0.7915036191439883), np.float64(0.7871830422164806), np.float64(0.7813652715556506)]",0.7798574336341773,0.011977931433159,-0.2786624163319312,0.0893563889829694,0.19649425090386,0.0805633290115362,"[{'lambda_reg': 0.012095028430356246, 'K_bin': 649, 'gamma': 1.815592087044644, 'degree': 2, 'coef0': 1.5189901236661814}, {'lambda_reg': 6.481820682371427e-05, 'K_bin': 824, 'gamma': 0.1390337851025933, 'degree': 4, 'coef0': 1.3343374157834127}, {'lambda_reg': 1.4912270794572898e-05, 'K_bin': 217, 'gamma': 0.1563835822014397, 'degree': 4, 'coef0': 3.456683966332201}, {'lambda_reg': 5.898373289909464e-05, 'K_bin': 239, 'gamma': 0.0159257651947436, 'degree': 3, 'coef0': 0.7661039393116076}, {'lambda_reg': 1.6707388327645963e-05, 'K_bin': 396, 'gamma': 0.47432975968996477, 'degree': 3, 'coef0': 0.891159450403261}]",600,1,polynomial
"[np.float64(0.2460689819938021), np.float64(0.1960867415266465), np.float64(0.2737080408434652), np.float64(0.23884204772247894), np.float64(0.26297844075044857)]",0.2435368505673683,0.0267141979584369,"[np.float64(0.5864303176258927), np.float64(0.5384157484238764), np.float64(0.48324065524853904), np.float64(0.6471844056160773), np.float64(0.5708264166970833)]",0.5652195087222938,0.0541083249365523,-0.4053284181344742,0.0314389125633618,0.3102063012249288,0.0272330578257007,"[{'lambda_reg': 0.6400832807187161, 'K_bin': 72}, {'lambda_reg': 0.18735518980217944, 'K_bin': 964}, {'lambda_reg': 0.0020902069371023274, 'K_bin': 974}, {'lambda_reg': 0.0004113546888639103, 'K_bin': 894}, {'lambda_reg': 0.0004557915225494162, 'K_bin': 39}]",600,2,linear
"[np.float64(0.16284509924387355), np.float64(0.08519397645066125), np.float64(0.195770182321435), np.float64(0.13497839575138898), np.float64(0.15919828441069253)]",0.1475971876356102,0.0367181599392163,"[np.float64(0.7277348098208802), np.float64(0.8206485660522057), np.float64(0.7521019251658476), np.float64(0.7338327437095241), np.float64(0.7861393188214578)]",0.7640914727139831,0.0348309034994624,-0.2156919622183751,0.1873472443663988,0.1629501725570797,0.1174163216126312,"[{'lambda_reg': 3.094365926968339e-05, 'K_bin': 729, 'gamma': 0.19402346852411537}, {'lambda_reg': 0.03152981096939491, 'K_bin': 158, 'gamma': 1.172572377444241}, {'lambda_reg': 0.0009495537138629526, 'K_bin': 4, 'gamma': 0.1839483131782331}, {'lambda_reg': 0.07586600831185482, 'K_bin': 590, 'gamma': 0.8729093048086826}, {'lambda_reg': 0.2742622950338942, 'K_bin': 238, 'gamma': 1.7982952371515069}]",600,2,rbf
"[np.float64(0.1759777013181757), np.float64(0.06370994883501237), np.float64(0.12310438968782268), np.float64(0.13714293921714063), np.float64(0.2441384113731023)]",0.1488146780862507,0.0597737522956799,"[np.float64(0.7509457962423869), np.float64(0.7630388689779174), np.float64(0.7055802589775246), np.float64(0.6936888347798943), np.float64(0.8596881352675094)]",0.7545883788490466,0.0587216966237468,-0.273219837140832,0.2212087045649828,0.2332047957862039,0.168047467857786,"[{'lambda_reg': 0.013826652143330771, 'K_bin': 430, 'gamma': 0.03835358092374294}, {'lambda_reg': 0.09031268990978454, 'K_bin': 501, 'gamma': 0.046799698455146956}, {'lambda_reg': 0.022866462630465136, 'K_bin': 3, 'gamma': 0.004622520745089494}, {'lambda_reg': 0.02110567422759866, 'K_bin': 34, 'gamma': 0.04565696067659952}, {'lambda_reg': 0.12547358819145396, 'K_bin': 469, 'gamma': 0.08903768538068162}]",300,1,laplacian
"[np.float64(0.14251007704573562), np.float64(0.09072620604868262), np.float64(0.23721154384655813), np.float64(0.15636638089985397), np.float64(0.1624276219074032)]",0.1578483659496467,0.0470368522054393,"[np.float64(0.7529270680904534), np.float64(0.7734829649165801), np.float64(0.7190959190243988), np.float64(0.7213686958451742), np.float64(0.795736116017044)]",0.75252215277873,0.0296473175938747,-0.3056367102195348,0.1387647874540098,0.2172107597446161,0.1033268806061724,"[{'lambda_reg': 0.01624678779346014, 'K_bin': 152, 'gamma': 0.002948976097468441}, {'lambda_reg': 0.004898014716853839, 'K_bin': 436, 'gamma': 0.001612267788163725}, {'lambda_reg': 0.0012340939192910052, 'K_bin': 670, 'gamma': 0.0018554839560598248}, {'lambda_reg': 0.2332325946630413, 'K_bin': 374, 'gamma': 0.4783745066768455}, {'lambda_reg': 0.31790397168490026, 'K_bin': 291, 'gamma': 0.7338824324135794}]",600,2,laplacian
"[np.float64(0.14730008484119939), np.float64(0.08609260542576846), np.float64(0.24636173863865582), np.float64(0.15783740673757088), np.float64(0.16441210832312125)]",0.1604007887932631,0.0511962519520189,"[np.float64(0.7493443505653856), np.float64(0.804567222146681), np.float64(0.7081431886336701), np.float64(0.7281544282418592), np.float64(0.7771633499450965)]",0.7534745079065385,0.0343066169316058,-0.0928079021418914,0.1553822327861483,0.0868561594498405,0.0936778117700663,"[{'lambda_reg': 0.0010576387934954094, 'K_bin': 657, 'gamma': 0.00850968862229568}, {'lambda_reg': 1.1410139347178398e-05, 'K_bin': 121, 'gamma': 0.01079761435672405}, {'lambda_reg': 0.14594679737718277, 'K_bin': 117, 'gamma': 0.4975979880878422}, {'lambda_reg': 0.002014854212607555, 'K_bin': 109, 'gamma': 0.0016263396528407447}, {'lambda_reg': 0.000999609848095069, 'K_bin': 121, 'gamma': 0.015488663112505272}]",600,2,exponential
"[np.float64(0.1343765888203474), np.float64(0.09133621535290207), np.float64(0.21271618611342805), np.float64(0.1369539551854956), np.float64(0.13328885768784687)]",0.1417343606320039,0.0393108336174495,"[np.float64(0.7721449787179817), np.float64(0.8151390161041475), np.float64(0.739969215246057), np.float64(0.72105374490969), np.float64(0.8112217168737057)]",0.7719057343703163,0.0374720868205104,-0.1458873605236044,0.1736765900546846,0.1138604330391769,0.1057353501538017,"[{'lambda_reg': 0.37004677957862914, 'K_bin': 188, 'gamma': 2.573846627326352}, {'lambda_reg': 0.00027509720319872263, 'K_bin': 52, 'gamma': 0.14264960237993582}, {'lambda_reg': 0.0006457072331973898, 'K_bin': 234, 'gamma': 0.31870665481979155}, {'lambda_reg': 0.10798044521257576, 'K_bin': 562, 'gamma': 0.21352004078901332}, {'lambda_reg': 0.0005887248085454735, 'K_bin': 68, 'gamma': 0.2191199469874807}]",600,2,cauchy
"[np.float64(0.16844242788494992), np.float64(0.10202291878159384), np.float64(0.21241883315918336), np.float64(0.14045305127192095), np.float64(0.19098195416072908)]",0.1628638370516754,0.0386815394726514,"[np.float64(0.7278854563022296), np.float64(0.7867275801085004), np.float64(0.7577331008731335), np.float64(0.732739028317002), np.float64(0.7822289051438828)]",0.7574628141489497,0.0243143765201035,-0.2353192324933607,0.1909847337668358,0.1872201887259958,0.1304508536677732,"[{'lambda_reg': 0.0008130087606957615, 'K_bin': 980, 'gamma': 0.30697289979188486, 'coef0': 1.285187359254195}, {'lambda_reg': 2.437419222020284e-05, 'K_bin': 92, 'gamma': 0.4092627297485685, 'coef0': 3.594552486186881}, {'lambda_reg': 0.032696930734152675, 'K_bin': 751, 'gamma': 0.7290640322953356, 'coef0': -0.26574238260893424}, {'lambda_reg': 0.00036975667982011606, 'K_bin': 47, 'gamma': 0.1780955914856096, 'coef0': 1.5160068262337845}, {'lambda_reg': 0.0007942938315804317, 'K_bin': 590, 'gamma': 0.040189254145661255, 'coef0': 1.838333975168613}]",600,2,sigmoid
"[np.float64(0.1793981224396965), np.float64(0.1000945408591856), np.float64(0.24775881166869593), np.float64(0.15356765705944386), np.float64(0.18022842527117303)]",0.1722095114596389,0.0476901742265636,"[np.float64(0.7032817318657287), np.float64(0.7756780600289221), np.float64(0.7034710455808518), np.float64(0.6914838103907637), np.float64(0.783155841970115)]",0.7314140979672763,0.0395048819133409,-0.3567577641158587,0.0591542314383906,0.2539603215111705,0.0581649917676253,"[{'lambda_reg': 0.005504485475083534, 'K_bin': 686, 'gamma': 0.2794481665085999, 'degree': 6, 'coef0': 4.828040134289587}, {'lambda_reg': 5.578595165532523e-05, 'K_bin': 605, 'gamma': 0.054591259425291146, 'degree': 6, 'coef0': 0.8620017315326572}, {'lambda_reg': 0.02020761461619985, 'K_bin': 246, 'gamma': 0.16882045297728304, 'degree': 6, 'coef0': 4.772023169953192}, {'lambda_reg': 0.040128844530779174, 'K_bin': 317, 'gamma': 0.20777792772244777, 'degree': 4, 'coef0': 0.3521540584968602}, {'lambda_reg': 3.263301350151426e-05, 'K_bin': 428, 'gamma': 0.17962239991098167, 'degree': 3, 'coef0': 4.279465088300864}]",600,2,polynomial
"[np.float64(0.14615267260846743), np.float64(0.125721457099058), np.float64(0.12236660592338103), np.float64(0.2128045352297069), np.float64(0.1875006278789148)]",0.1589091797479056,0.0355575402959038,"[np.float64(0.6889127175922456), np.float64(0.6500149394105912), np.float64(0.6940701337539275), np.float64(0.6277458957527711), np.float64(0.6579221673115151)]",0.66373317076421,0.024784602063589,-0.1971895717320775,0.0414696716158063,0.14628881328863,0.0265286115299746,"[{'lambda_reg': 1.2592121147987403e-05, 'K_bin': 241}, {'lambda_reg': 0.00011539913806741819, 'K_bin': 9}, {'lambda_reg': 0.4350813377817889, 'K_bin': 71}, {'lambda_reg': 6.465406340626174e-05, 'K_bin': 88}, {'lambda_reg': 0.0008351526964808279, 'K_bin': 472}]",600,3,linear
"[np.float64(0.08448613986703925), np.float64(0.08196635133618255), np.float64(0.0846532791917358), np.float64(0.08924422763935438), np.float64(0.13431437052170944)]",0.0949328737112042,0.0198302697871917,"[np.float64(0.7096628438122169), np.float64(0.771347599547803), np.float64(0.7498587548211885), np.float64(0.7993847835401025), np.float64(0.7812340831009511)]",0.7622976129644523,0.0307931631870259,-0.0791601642763471,0.0634366473933169,0.0518836091251796,0.0308746603092706,"[{'lambda_reg': 0.0006789299835045303, 'K_bin': 571, 'gamma': 0.07455700727754028}, {'lambda_reg': 0.00046448658066543946, 'K_bin': 459, 'gamma': 0.7561315555596231}, {'lambda_reg': 0.002203601905696706, 'K_bin': 408, 'gamma': 0.48739497923871017}, {'lambda_reg': 6.437435821862858e-05, 'K_bin': 135, 'gamma': 0.32829322260064625}, {'lambda_reg': 0.04821259748448736, 'K_bin': 6, 'gamma': 0.5007774641935525}]",600,3,rbf
"[np.float64(0.06363625477689386), np.float64(0.07285047110700223), np.float64(0.07660792168550283), np.float64(0.10727344984049843), np.float64(0.1339198741608518)]",0.0908575943141498,0.0260466936123616,"[np.float64(0.7830891251119144), np.float64(0.7661549828645509), np.float64(0.7822103587111378), np.float64(0.7467184199435685), np.float64(0.7872472301914848)]",0.7730840233645313,0.015014294065717,-0.0941645879482385,0.0942326265260874,0.0689739932790847,0.0576416794566084,"[{'lambda_reg': 0.03198236376022087, 'K_bin': 83, 'gamma': 0.176581154926013}, {'lambda_reg': 0.0004383156891670863, 'K_bin': 446, 'gamma': 0.0010423909071896366}, {'lambda_reg': 0.027892941818905705, 'K_bin': 148, 'gamma': 0.09395153657157809}, {'lambda_reg': 0.0004389332199952684, 'K_bin': 743, 'gamma': 0.002357662119428583}, {'lambda_reg': 0.06211712102438794, 'K_bin': 71, 'gamma': 0.09726797678157624}]",600,3,laplacian
"[np.float64(0.07102087829484163), np.float64(0.06777437888147272), np.float64(0.07262853360349249), np.float64(0.09186893515306621), np.float64(0.1361810537421767)]",0.0878947559350099,0.0255733279807178,"[np.float64(0.7281560774755279), np.float64(0.7713761720422203), np.float64(0.7768864053447784), np.float64(0.7947676923242183), np.float64(0.7776187030536866)]",0.7697610100480863,0.0222325343521525,-0.0670672090833792,0.072799110487523,0.0410910854562528,0.0249837621370793,"[{'lambda_reg': 8.071275743625347e-05, 'K_bin': 809, 'gamma': 0.015000496664806486}, {'lambda_reg': 0.002327603039020165, 'K_bin': 105, 'gamma': 0.002864480808841092}, {'lambda_reg': 0.0009691525734144638, 'K_bin': 34, 'gamma': 0.010683039536410506}, {'lambda_reg': 0.0010893353274530606, 'K_bin': 324, 'gamma': 0.011915209501700299}, {'lambda_reg': 0.00026320857879531297, 'K_bin': 506, 'gamma': 0.01469796499067258}]",600,3,exponential
"[np.float64(0.06399661841250864), np.float64(0.07498324475734783), np.float64(0.06792600187230426), np.float64(0.08780931786973842), np.float64(0.14640444867122973)]",0.0882239263166257,0.0301974466298105,"[np.float64(0.7966296590725314), np.float64(0.7811522372486195), np.float64(0.7740721687441253), np.float64(0.8074941400149366), np.float64(0.7606467860406311)]",0.7839989982241689,0.016513794758791,-0.0453593521016267,0.0560464199805023,0.0293053303898172,0.0133531178646996,"[{'lambda_reg': 0.0254726168550105, 'K_bin': 82, 'gamma': 0.5010078524694607}, {'lambda_reg': 0.0003642246121101642, 'K_bin': 199, 'gamma': 0.22764300531637383}, {'lambda_reg': 7.155566520428258e-05, 'K_bin': 506, 'gamma': 0.24274848409875607}, {'lambda_reg': 0.16285995846393586, 'K_bin': 76, 'gamma': 0.5410692637593794}, {'lambda_reg': 3.2554747046439554e-05, 'K_bin': 493, 'gamma': 0.7118696312986282}]",600,3,cauchy
"[np.float64(0.16618951672404245), np.float64(0.06275398467995837), np.float64(0.11095670203344937), np.float64(0.12941972373025734), np.float64(0.2095246645753932)]",0.1357689183486201,0.0497040477152488,"[np.float64(0.7135248559764255), np.float64(0.8238740077309751), np.float64(0.7323969768764625), np.float64(0.7045341115225331), np.float64(0.8109454028400263)]",0.7570550709892846,0.0502599056543559,-0.2261592016810909,0.1915682618004281,0.1750283217770094,0.1222688967730959,"[{'lambda_reg': 0.834565833112711, 'K_bin': 130, 'gamma': 0.20292168832998123}, {'lambda_reg': 2.403512319782211e-05, 'K_bin': 92, 'gamma': 0.001317390409475131}, {'lambda_reg': 0.04011204048367953, 'K_bin': 143, 'gamma': 0.008129585783292415}, {'lambda_reg': 0.07583813931178289, 'K_bin': 58, 'gamma': 0.01981837926202156}, {'lambda_reg': 0.00018278855743779788, 'K_bin': 526, 'gamma': 0.0019413215102945575}]",300,1,exponential
"[np.float64(0.06888487025483843), np.float64(0.07610246446849575), np.float64(0.07049375555998712), np.float64(0.10316005864573533), np.float64(0.13160377540444773)]",0.0900489848667008,0.0241807073677965,"[np.float64(0.7579818659536757), np.float64(0.7589672043171934), np.float64(0.7796899871617518), np.float64(0.7267037694854559), np.float64(0.7807804949824123)]",0.7608246643800978,0.0196463874942647,-0.1066346487845315,0.0263265972660953,0.0482563689466691,0.0186219223356258,"[{'lambda_reg': 0.00011388600401127951, 'K_bin': 201, 'gamma': 0.15851151476570297, 'coef0': 1.1361539062424209}, {'lambda_reg': 0.0005393272080544097, 'K_bin': 510, 'gamma': 0.7311363384341124, 'coef0': -3.891767584738445}, {'lambda_reg': 0.002320659334676452, 'K_bin': 692, 'gamma': 0.4005501446111392, 'coef0': 2.3631506720709092}, {'lambda_reg': 0.0001150839803865634, 'K_bin': 946, 'gamma': 0.4453900361944226, 'coef0': 3.380227490728057}, {'lambda_reg': 3.294430254915613e-05, 'K_bin': 442, 'gamma': 0.368570070909848, 'coef0': 2.3598785147523422}]",600,3,sigmoid
"[np.float64(0.07008275797695464), np.float64(0.07182222731342038), np.float64(0.07846345470966562), np.float64(0.09587684302096533), np.float64(0.11991489239677482)]",0.0872320350835561,0.0187155002551138,"[np.float64(0.7457018158626515), np.float64(0.7520379469884652), np.float64(0.7700434046334779), np.float64(0.7840180094927738), np.float64(0.7758573093942037)]",0.7655316972743145,0.0144500726777477,-0.123434957102461,0.0363988053050836,0.0593086254555191,0.0271025209617453,"[{'lambda_reg': 2.7059065165201997e-05, 'K_bin': 450, 'gamma': 0.7148280304336683, 'degree': 4, 'coef0': 0.8458033317915353}, {'lambda_reg': 0.003324974059521241, 'K_bin': 903, 'gamma': 0.2651689307660563, 'degree': 4, 'coef0': 1.8803115311331342}, {'lambda_reg': 3.3819015605276365e-05, 'K_bin': 461, 'gamma': 0.15048837858111094, 'degree': 6, 'coef0': 1.911393260969072}, {'lambda_reg': 2.0269514517540178e-05, 'K_bin': 273, 'gamma': 0.29706704660443595, 'degree': 4, 'coef0': 0.9145675371522372}, {'lambda_reg': 0.0017234655023184039, 'K_bin': 815, 'gamma': 0.1704074632830828, 'degree': 3, 'coef0': 0.13341524700761276}]",600,3,polynomial
"[np.float64(0.12766475534150526), np.float64(0.06339043407979207), np.float64(0.1017328978125592), np.float64(0.11953751785786687), np.float64(0.2155640619698847)]",0.1255779334123216,0.0501482114827641,"[np.float64(0.755488964491475), np.float64(0.8192957972748797), np.float64(0.7244729393010817), np.float64(0.7224308206940259), np.float64(0.816810974313515)]",0.7676998992149955,0.0427574574882494,-0.3167349128290114,0.0744848098088135,0.2132458884254505,0.0732295591665853,"[{'lambda_reg': 0.0017113932552126115, 'K_bin': 170, 'gamma': 0.07269834394967793}, {'lambda_reg': 0.001495974674093172, 'K_bin': 230, 'gamma': 0.018712664422200376}, {'lambda_reg': 0.001738378775146481, 'K_bin': 811, 'gamma': 0.0673396833784059}, {'lambda_reg': 0.02610768666481187, 'K_bin': 783, 'gamma': 0.08357173213017631}, {'lambda_reg': 0.0020109061957098084, 'K_bin': 544, 'gamma': 0.06041641363716993}]",300,1,cauchy
"[np.float64(0.1187912007841587), np.float64(0.07388574017372519), np.float64(0.11900657796841711), np.float64(0.14295973828560185), np.float64(0.19002997228730822)]",0.1289346458998422,0.0378448943878269,"[np.float64(0.75896022787582), np.float64(0.7818337400766604), np.float64(0.7104241141835839), np.float64(0.697737293679771), np.float64(0.8224186325501387)]",0.7542748016731948,0.0459225491335787,-0.2389022046193174,0.1971967757000998,0.18345692539367,0.1636543117277402,"[{'lambda_reg': 7.86659506694104e-05, 'K_bin': 33, 'gamma': 0.06321340749825688, 'coef0': 1.14733451034758}, {'lambda_reg': 2.57274226439717e-05, 'K_bin': 373, 'gamma': 0.08629609509939702, 'coef0': 2.169765301007031}, {'lambda_reg': 4.760187959241495e-05, 'K_bin': 66, 'gamma': 0.0067114203055331535, 'coef0': 1.784350989512781}, {'lambda_reg': 6.430176246131256e-05, 'K_bin': 494, 'gamma': 0.10303273477957521, 'coef0': 2.8109587471869437}, {'lambda_reg': 5.500095718888419e-05, 'K_bin': 110, 'gamma': 0.008918653539543646, 'coef0': 2.5235971277711347}]",300,1,sigmoid
"[np.float64(0.14113514593954254), np.float64(0.07262688288087941), np.float64(0.11519051604188782), np.float64(0.14898519867189816), np.float64(0.18268427416785582)]",0.1321244035404127,0.0367382414368392,"[np.float64(0.7049663365830354), np.float64(0.7807966679627174), np.float64(0.7149729375121977), np.float64(0.7064949170540421), np.float64(0.8102012352986867)]",0.743486418882136,0.0436075864583452,-0.1794898756719644,0.1334051328670763,0.1250801564082083,0.0984341366300819,"[{'lambda_reg': 1.6096714010610754e-05, 'K_bin': 818, 'gamma': 0.03838692218304168, 'degree': 2, 'coef0': 0.2204263446341881}, {'lambda_reg': 0.00045224805576586034, 'K_bin': 364, 'gamma': 0.03396690645866345, 'degree': 4, 'coef0': 1.224660283528864}, {'lambda_reg': 1.0750975208107744e-05, 'K_bin': 68, 'gamma': 0.0056890746823865706, 'degree': 6, 'coef0': 2.1751094820498706}, {'lambda_reg': 0.0008840422343624872, 'K_bin': 205, 'gamma': 0.11923056103342242, 'degree': 5, 'coef0': 3.2096777759126285}, {'lambda_reg': 0.0005165590171401509, 'K_bin': 25, 'gamma': 0.025593059661166966, 'degree': 4, 'coef0': 4.135130603929811}]",300,1,polynomial
"[np.float64(0.18752851724815525), np.float64(0.28537736533898106), np.float64(0.26199198944984453), np.float64(0.22613572103111104), np.float64(0.2673964996232484)]",0.245686018538268,0.034862994065607,"[np.float64(0.7250864360473512), np.float64(0.5980642433115974), np.float64(0.612236602571019), np.float64(0.5634296686155771), np.float64(0.6263730020177798)]",0.625037990512665,0.0542190328351598,-0.3926064599009169,0.0465001366343214,0.2924165652530168,0.0431073815579942,"[{'lambda_reg': 0.20799290395181266, 'K_bin': 990}, {'lambda_reg': 0.00689317446475522, 'K_bin': 801}, {'lambda_reg': 0.002849591397960905, 'K_bin': 960}, {'lambda_reg': 0.0019411739665484806, 'K_bin': 983}, {'lambda_reg': 0.0055135180452043665, 'K_bin': 961}]",300,2,linear
"[np.float64(0.1659566822471334), np.float64(0.28622774112241745), np.float64(0.2220551025548113), np.float64(0.139872804339275), np.float64(0.1406571967644542)]",0.1909539054056182,0.0562286176038924,"[np.float64(0.687495306660462), np.float64(0.7877388144814939), np.float64(0.6873980543521353), np.float64(0.785843985081712), np.float64(0.8077750252740388)]",0.7512502371699684,0.0526592589273424,-0.0876126913499563,0.1808928274773457,0.1243675683248966,0.0744585951391583,"[{'lambda_reg': 0.0002711719039472588, 'K_bin': 116, 'gamma': 0.14344428201324932}, {'lambda_reg': 0.0027498204492513566, 'K_bin': 506, 'gamma': 0.3778866381995108}, {'lambda_reg': 0.46655022167860616, 'K_bin': 702, 'gamma': 1.3210466539369021}, {'lambda_reg': 0.0005711914434984417, 'K_bin': 23, 'gamma': 0.07396027219178422}, {'lambda_reg': 9.28300411772849e-05, 'K_bin': 96, 'gamma': 0.307488775835817}]",300,2,rbf
"[np.float64(0.16419161831438875), np.float64(0.2132955129103019), np.float64(0.2192794992033886), np.float64(0.1488589902199234), np.float64(0.14918860983808147)]",0.1789628460972168,0.0310325667062509,"[np.float64(0.6784303916832471), np.float64(0.7806294375365808), np.float64(0.7399079154420678), np.float64(0.7639639885648548), np.float64(0.7959116206908995)]",0.7517686707835299,0.0411082725459171,-0.2713275305546333,0.1792348876013809,0.2196169328658546,0.0967387186266069,"[{'lambda_reg': 0.07948944222678299, 'K_bin': 722, 'gamma': 0.10136858932639138}, {'lambda_reg': 0.003153283767717535, 'K_bin': 722, 'gamma': 0.0018522690233679735}, {'lambda_reg': 0.020119666708196145, 'K_bin': 18, 'gamma': 0.0582752577262146}, {'lambda_reg': 1.5247286669452919e-05, 'K_bin': 253, 'gamma': 0.0024943130437836275}, {'lambda_reg': 0.00033972968070038916, 'K_bin': 761, 'gamma': 0.04894049842152529}]",300,2,laplacian
